Component,Origin,License,Copyright
adler2,https://github.com/oyvindln/adler2,0BSD OR MIT OR Apache-2.0,"Jonas Schievink <jonasschievink@gmail.com>, oyvindln <oyvindln@users.noreply.github.com>"
advapi32-sys,https://github.com/retep998/winapi-rs,MIT,Peter Atashian <retep998@gmail.com>
aes,https://github.com/RustCrypto/block-ciphers,MIT OR Apache-2.0,RustCrypto Developers
aho-corasick,https://github.com/BurntSushi/aho-corasick,Unlicense OR MIT,Andrew Gallant <jamslam@gmail.com>
aliasable,https://github.com/avitex/rust-aliasable,MIT,avitex <avitex@wfxlabs.com>
alloca,https://github.com/playXE/alloca-rs,MIT,"Adel Prokurov <adel.prokurov@gmail.com>, StackOverflowExcept1on"
allocator-api2,https://github.com/zakarumych/allocator-api2,MIT OR Apache-2.0,Zakarum <zaq.dev@icloud.com>
android_system_properties,https://github.com/nical/android_system_properties,MIT OR Apache-2.0,Nicolas Silva <nical@fastmail.com>
anes,https://github.com/zrzka/anes-rs,MIT OR Apache-2.0,Robert Vojta <rvojta@me.com>
ansi-str,https://github.com/zhiburt/ansi-str,MIT,Maxim Zhiburt <zhiburt@gmail.com>
ansitok,https://gitlab.com/zhiburt/ansitok,MIT,Maxim Zhiburt <zhiburt@gmail.com>
anstream,https://github.com/rust-cli/anstyle,MIT OR Apache-2.0,The anstream Authors
anstyle,https://github.com/rust-cli/anstyle,MIT OR Apache-2.0,The anstyle Authors
anstyle-parse,https://github.com/rust-cli/anstyle,MIT OR Apache-2.0,The anstyle-parse Authors
anstyle-query,https://github.com/rust-cli/anstyle,MIT OR Apache-2.0,The anstyle-query Authors
anstyle-wincon,https://github.com/rust-cli/anstyle,MIT OR Apache-2.0,The anstyle-wincon Authors
anyhow,https://github.com/dtolnay/anyhow,MIT OR Apache-2.0,David Tolnay <dtolnay@gmail.com>
arc-swap,https://github.com/vorner/arc-swap,MIT OR Apache-2.0,Michal 'vorner' Vaner <vorner@vorner.cz>
arrayvec,https://github.com/bluss/arrayvec,MIT OR Apache-2.0,bluss
assert-json-diff,https://github.com/davidpdrsn/assert-json-diff,MIT,David Pedersen <david.pdrsn@gmail.com>
async-compression,https://github.com/Nullus157/async-compression,MIT OR Apache-2.0,"Wim Looman <wim@nemo157.com>, Allen Bui <fairingrey@gmail.com>"
async-speed-limit,https://github.com/tikv/async-speed-limit,MIT OR Apache-2.0,The TiKV Project Developers
async-stream,https://github.com/tokio-rs/async-stream,MIT,Carl Lerche <me@carllerche.com>
async-stream-impl,https://github.com/tokio-rs/async-stream,MIT,Carl Lerche <me@carllerche.com>
async-trait,https://github.com/dtolnay/async-trait,MIT OR Apache-2.0,David Tolnay <dtolnay@gmail.com>
atomic-waker,https://github.com/smol-rs/atomic-waker,Apache-2.0 OR MIT,"Stjepan Glavina <stjepang@gmail.com>, Contributors to futures-rs"
aws-config,https://github.com/smithy-lang/smithy-rs,Apache-2.0,"AWS Rust SDK Team <aws-sdk-rust@amazon.com>, Russell Cohen <rcoh@amazon.com>"
aws-credential-types,https://github.com/smithy-lang/smithy-rs,Apache-2.0,AWS Rust SDK Team <aws-sdk-rust@amazon.com>
aws-lc-rs,https://github.com/aws/aws-lc-rs,ISC AND (Apache-2.0 OR ISC),AWS-LibCrypto
aws-lc-sys,https://github.com/aws/aws-lc-rs,ISC AND (Apache-2.0 OR ISC) AND OpenSSL,AWS-LC
aws-runtime,https://github.com/smithy-lang/smithy-rs,Apache-2.0,AWS Rust SDK Team <aws-sdk-rust@amazon.com>
aws-sdk-s3,https://github.com/awslabs/aws-sdk-rust,Apache-2.0,"AWS Rust SDK Team <aws-sdk-rust@amazon.com>, Russell Cohen <rcoh@amazon.com>"
aws-sdk-sso,https://github.com/awslabs/aws-sdk-rust,Apache-2.0,"AWS Rust SDK Team <aws-sdk-rust@amazon.com>, Russell Cohen <rcoh@amazon.com>"
aws-sdk-ssooidc,https://github.com/awslabs/aws-sdk-rust,Apache-2.0,"AWS Rust SDK Team <aws-sdk-rust@amazon.com>, Russell Cohen <rcoh@amazon.com>"
aws-sdk-sts,https://github.com/awslabs/aws-sdk-rust,Apache-2.0,"AWS Rust SDK Team <aws-sdk-rust@amazon.com>, Russell Cohen <rcoh@amazon.com>"
aws-sigv4,https://github.com/smithy-lang/smithy-rs,Apache-2.0,"AWS Rust SDK Team <aws-sdk-rust@amazon.com>, David Barsky <me@davidbarsky.com>"
aws-smithy-async,https://github.com/smithy-lang/smithy-rs,Apache-2.0,"AWS Rust SDK Team <aws-sdk-rust@amazon.com>, John DiSanti <jdisanti@amazon.com>"
aws-smithy-checksums,https://github.com/smithy-lang/smithy-rs,Apache-2.0,"AWS Rust SDK Team <aws-sdk-rust@amazon.com>, Zelda Hessler <zhessler@amazon.com>"
aws-smithy-eventstream,https://github.com/smithy-lang/smithy-rs,Apache-2.0,"AWS Rust SDK Team <aws-sdk-rust@amazon.com>, John DiSanti <jdisanti@amazon.com>"
aws-smithy-http,https://github.com/smithy-lang/smithy-rs,Apache-2.0,"AWS Rust SDK Team <aws-sdk-rust@amazon.com>, Russell Cohen <rcoh@amazon.com>"
aws-smithy-http-client,https://github.com/smithy-lang/smithy-rs,Apache-2.0,AWS Rust SDK Team <aws-sdk-rust@amazon.com>
aws-smithy-json,https://github.com/smithy-lang/smithy-rs,Apache-2.0,"AWS Rust SDK Team <aws-sdk-rust@amazon.com>, John DiSanti <jdisanti@amazon.com>"
aws-smithy-observability,https://github.com/awslabs/smithy-rs,Apache-2.0,AWS Rust SDK Team <aws-sdk-rust@amazon.com>
aws-smithy-protocol-test,https://github.com/smithy-lang/smithy-rs,Apache-2.0,"AWS Rust SDK Team <aws-sdk-rust@amazon.com>, Russell Cohen <rcoh@amazon.com>"
aws-smithy-query,https://github.com/smithy-lang/smithy-rs,Apache-2.0,"AWS Rust SDK Team <aws-sdk-rust@amazon.com>, John DiSanti <jdisanti@amazon.com>"
aws-smithy-runtime,https://github.com/smithy-lang/smithy-rs,Apache-2.0,"AWS Rust SDK Team <aws-sdk-rust@amazon.com>, Zelda Hessler <zhessler@amazon.com>"
aws-smithy-runtime-api,https://github.com/smithy-lang/smithy-rs,Apache-2.0,"AWS Rust SDK Team <aws-sdk-rust@amazon.com>, Zelda Hessler <zhessler@amazon.com>"
aws-smithy-types,https://github.com/smithy-lang/smithy-rs,Apache-2.0,"AWS Rust SDK Team <aws-sdk-rust@amazon.com>, Russell Cohen <rcoh@amazon.com>"
aws-smithy-xml,https://github.com/smithy-lang/smithy-rs,Apache-2.0,"AWS Rust SDK Team <aws-sdk-rust@amazon.com>, Russell Cohen <rcoh@amazon.com>"
aws-types,https://github.com/smithy-lang/smithy-rs,Apache-2.0,"AWS Rust SDK Team <aws-sdk-rust@amazon.com>, Russell Cohen <rcoh@amazon.com>"
axum,https://github.com/tokio-rs/axum,MIT,The axum Authors
axum-core,https://github.com/tokio-rs/axum,MIT,The axum-core Authors
base16ct,https://github.com/RustCrypto/formats/tree/master/base16ct,Apache-2.0 OR MIT,RustCrypto Developers
base64,https://github.com/marshallpierce/rust-base64,MIT OR Apache-2.0,Marshall Pierce <marshall@mpierce.org>
base64-simd,https://github.com/Nugine/simd,MIT,The base64-simd Authors
base64ct,https://github.com/RustCrypto/formats,Apache-2.0 OR MIT,RustCrypto Developers
bincode,https://github.com/servo/bincode,MIT,"Ty Overby <ty@pre-alpha.com>, Francesco Mazzoli <f@mazzo.li>, David Tolnay <dtolnay@gmail.com>, Zoey Riordan <zoey@dos.cafe>"
bit-set,https://github.com/contain-rs/bit-set,Apache-2.0 OR MIT,Alexis Beingessner <a.beingessner@gmail.com>
bit-vec,https://github.com/contain-rs/bit-vec,Apache-2.0 OR MIT,Alexis Beingessner <a.beingessner@gmail.com>
bitflags,https://github.com/bitflags/bitflags,MIT OR Apache-2.0,The Rust Project Developers
bitpacking,https://github.com/quickwit-oss/bitpacking,MIT,Paul Masurel <paul.masurel@gmail.com>
block-buffer,https://github.com/RustCrypto/utils,MIT OR Apache-2.0,RustCrypto Developers
bon,https://github.com/elastio/bon,MIT OR Apache-2.0,The bon Authors
bon-macros,https://github.com/elastio/bon,MIT OR Apache-2.0,The bon-macros Authors
bpu_trasher,https://github.com/pseitz/bpu_trasher,MIT,Pascal Seitz <pascal.seitz@gmail.com>
bs58,https://github.com/Nullus157/bs58-rs,MIT OR Apache-2.0,The bs58 Authors
bumpalo,https://github.com/fitzgen/bumpalo,MIT OR Apache-2.0,Nick Fitzgerald <fitzgen@gmail.com>
bytecount,https://github.com/llogiq/bytecount,Apache-2.0 OR MIT,"Andre Bogus <bogusandre@gmail.de>, Joshua Landau <joshua@landau.ws>"
byteorder,https://github.com/BurntSushi/byteorder,Unlicense OR MIT,Andrew Gallant <jamslam@gmail.com>
bytes,https://github.com/tokio-rs/bytes,MIT,"Carl Lerche <me@carllerche.com>, Sean McArthur <sean@seanmonstar.com>"
bytes-utils,https://github.com/vorner/bytes-utils,Apache-2.0 OR MIT,Michal 'vorner' Vaner <vorner@vorner.cz>
bytesize,https://github.com/bytesize-rs/bytesize,Apache-2.0,Hyunsik Choi <hyunsik.choi@gmail.com>
bytestring,https://github.com/actix/actix-net,MIT OR Apache-2.0,"Nikolay Kim <fafhrd91@gmail.com>, Rob Ede <robjtede@icloud.com>"
bzip2,https://github.com/alexcrichton/bzip2-rs,MIT OR Apache-2.0,Alex Crichton <alex@alexcrichton.com>
bzip2-sys,https://github.com/alexcrichton/bzip2-rs,MIT OR Apache-2.0,Alex Crichton <alex@alexcrichton.com>
cast,https://github.com/japaric/cast.rs,MIT OR Apache-2.0,Jorge Aparicio <jorge@japaric.io>
cbor-diag,https://github.com/Nullus157/cbor-diag-rs,MIT OR Apache-2.0,The cbor-diag Authors
cc,https://github.com/rust-lang/cc-rs,MIT OR Apache-2.0,Alex Crichton <alex@alexcrichton.com>
census,https://github.com/quickwit-inc/census,MIT,Paul Masurel <paul.masurel@gmail.com>
cfg-if,https://github.com/rust-lang/cfg-if,MIT OR Apache-2.0,Alex Crichton <alex@alexcrichton.com>
chitchat,https://github.com/quickwit-oss/chitchat,MIT,"Quickwit, Inc. <hello@quickwit.io>"
chrono,https://github.com/chronotope/chrono,MIT OR Apache-2.0,The chrono Authors
ciborium,https://github.com/enarx/ciborium,Apache-2.0,Nathaniel McCallum <npmccallum@profian.com>
ciborium-io,https://github.com/enarx/ciborium,Apache-2.0,Nathaniel McCallum <npmccallum@profian.com>
ciborium-ll,https://github.com/enarx/ciborium,Apache-2.0,Nathaniel McCallum <npmccallum@profian.com>
cipher,https://github.com/RustCrypto/traits,MIT OR Apache-2.0,RustCrypto Developers
clap,https://github.com/clap-rs/clap,MIT OR Apache-2.0,The clap Authors
clap_builder,https://github.com/clap-rs/clap,MIT OR Apache-2.0,The clap_builder Authors
clap_lex,https://github.com/clap-rs/clap,MIT OR Apache-2.0,The clap_lex Authors
coarsetime,https://github.com/jedisct1/rust-coarsetime,ISC,Frank Denis <github@pureftpd.org>
cobs,https://github.com/jamesmunns/cobs.rs,MIT OR Apache-2.0,"Allen Welkie <>, James Munns <james@onevariable.com>"
colorchoice,https://github.com/rust-cli/anstyle,MIT OR Apache-2.0,The colorchoice Authors
colored,https://github.com/mackwic/colored,MPL-2.0,Thomas Wickham <mackwic@gmail.com>
compression-codecs,https://github.com/Nullus157/async-compression,MIT OR Apache-2.0,"Wim Looman <wim@nemo157.com>, Allen Bui <fairingrey@gmail.com>"
compression-core,https://github.com/Nullus157/async-compression,MIT OR Apache-2.0,"Wim Looman <wim@nemo157.com>, Allen Bui <fairingrey@gmail.com>"
console,https://github.com/console-rs/console,MIT,The console Authors
const-oid,https://github.com/RustCrypto/formats/tree/master/const-oid,Apache-2.0 OR MIT,RustCrypto Developers
constant_time_eq,https://github.com/cesarb/constant_time_eq,CC0-1.0,Cesar Eduardo Barros <cesarb@cesarb.eti.br>
core-foundation,https://github.com/servo/core-foundation-rs,MIT OR Apache-2.0,The Servo Project Developers
core-foundation-sys,https://github.com/servo/core-foundation-rs,MIT OR Apache-2.0,The Servo Project Developers
cpufeatures,https://github.com/RustCrypto/utils,MIT OR Apache-2.0,RustCrypto Developers
crc32c,https://github.com/zowens/crc32c,Apache-2.0 OR MIT,Zack Owens
crc32fast,https://github.com/srijs/rust-crc32fast,MIT OR Apache-2.0,"Sam Rijs <srijs@airpost.net>, Alex Crichton <alex@alexcrichton.com>"
criterion-plot,https://github.com/criterion-rs/criterion.rs,Apache-2.0 OR MIT,"Jorge Aparicio <japaricious@gmail.com>, Brook Heisler <brookheisler@gmail.com>"
cron,https://github.com/zslayton/cron,MIT OR Apache-2.0,Zack Slayton <zack.slayton@gmail.com>
crossbeam-channel,https://github.com/crossbeam-rs/crossbeam,MIT OR Apache-2.0,The crossbeam-channel Authors
crossbeam-deque,https://github.com/crossbeam-rs/crossbeam,MIT OR Apache-2.0,The crossbeam-deque Authors
crossbeam-epoch,https://github.com/crossbeam-rs/crossbeam,MIT OR Apache-2.0,The crossbeam-epoch Authors
crossbeam-utils,https://github.com/crossbeam-rs/crossbeam,MIT OR Apache-2.0,The crossbeam-utils Authors
crunchy,https://github.com/eira-fransham/crunchy,MIT,Eira Fransham <jackefransham@gmail.com>
crypto-bigint,https://github.com/RustCrypto/crypto-bigint,Apache-2.0 OR MIT,RustCrypto Developers
crypto-common,https://github.com/RustCrypto/traits,MIT OR Apache-2.0,RustCrypto Developers
csv,https://github.com/BurntSushi/rust-csv,Unlicense OR MIT,Andrew Gallant <jamslam@gmail.com>
csv-core,https://github.com/BurntSushi/rust-csv,Unlicense OR MIT,Andrew Gallant <jamslam@gmail.com>
darling,https://github.com/TedDriggs/darling,MIT,Ted Driggs <ted.driggs@outlook.com>
darling_core,https://github.com/TedDriggs/darling,MIT,Ted Driggs <ted.driggs@outlook.com>
darling_macro,https://github.com/TedDriggs/darling,MIT,Ted Driggs <ted.driggs@outlook.com>
data-encoding,https://github.com/ia0/data-encoding,MIT,Julien Cretin <git@ia0.eu>
deadpool,https://github.com/bikeshedder/deadpool,MIT OR Apache-2.0,Michael P. Jung <michael.jung@terreon.de>
deadpool-runtime,https://github.com/bikeshedder/deadpool,MIT OR Apache-2.0,Michael P. Jung <michael.jung@terreon.de>
der,https://github.com/RustCrypto/formats/tree/master/der,Apache-2.0 OR MIT,RustCrypto Developers
deranged,https://github.com/jhpratt/deranged,MIT OR Apache-2.0,Jacob Pratt <jacob@jhpratt.dev>
dialoguer,https://github.com/console-rs/dialoguer,MIT,The dialoguer Authors
diff,https://github.com/utkarshkukreti/diff.rs,MIT OR Apache-2.0,Utkarsh Kukreti <utkarshkukreti@gmail.com>
difflib,https://github.com/DimaKudosh/difflib,MIT,Dima Kudosh <dimakudosh@gmail.com>
digest,https://github.com/RustCrypto/traits,MIT OR Apache-2.0,RustCrypto Developers
displaydoc,https://github.com/yaahc/displaydoc,MIT OR Apache-2.0,Jane Lusby <jlusby@yaah.dev>
downcast,https://github.com/fkoep/downcast-rs,MIT,Felix Köpge <fkoep@mailbox.org>
downcast-rs,https://github.com/marcianx/downcast-rs,MIT OR Apache-2.0,The downcast-rs Authors
dtoa,https://github.com/dtolnay/dtoa,MIT OR Apache-2.0,David Tolnay <dtolnay@gmail.com>
dyn-clone,https://github.com/dtolnay/dyn-clone,MIT OR Apache-2.0,David Tolnay <dtolnay@gmail.com>
ecdsa,https://github.com/RustCrypto/signatures/tree/master/ecdsa,Apache-2.0 OR MIT,RustCrypto Developers
either,https://github.com/rayon-rs/either,MIT OR Apache-2.0,bluss
elasticsearch-dsl,https://github.com/vinted/elasticsearch-dsl-rs,MIT OR Apache-2.0,"Evaldas Buinauskas <evaldas.buinauskas@vinted.com>, Boost <boost@vinted.com>"
elliptic-curve,https://github.com/RustCrypto/traits/tree/master/elliptic-curve,Apache-2.0 OR MIT,RustCrypto Developers
embedded-io,https://github.com/embassy-rs/embedded-io,MIT OR Apache-2.0,The embedded-io Authors
embedded-io,https://github.com/rust-embedded/embedded-hal,MIT OR Apache-2.0,The embedded-io Authors
encode_unicode,https://github.com/tormol/encode_unicode,Apache-2.0 OR MIT,Torbjørn Birch Moltu <t.b.moltu@lyse.net>
encoding,https://github.com/lifthrasiir/rust-encoding,MIT,Kang Seonghoon <public+rust@mearie.org>
encoding-index-japanese,https://github.com/lifthrasiir/rust-encoding,CC0-1.0,Kang Seonghoon <public+rust@mearie.org>
encoding-index-korean,https://github.com/lifthrasiir/rust-encoding,CC0-1.0,Kang Seonghoon <public+rust@mearie.org>
encoding-index-simpchinese,https://github.com/lifthrasiir/rust-encoding,CC0-1.0,Kang Seonghoon <public+rust@mearie.org>
encoding-index-singlebyte,https://github.com/lifthrasiir/rust-encoding,CC0-1.0,Kang Seonghoon <public+rust@mearie.org>
encoding-index-tradchinese,https://github.com/lifthrasiir/rust-encoding,CC0-1.0,Kang Seonghoon <public+rust@mearie.org>
encoding_index_tests,https://github.com/lifthrasiir/rust-encoding,CC0-1.0,Kang Seonghoon <public+rust@mearie.org>
encoding_rs,https://github.com/hsivonen/encoding_rs,(Apache-2.0 OR MIT) AND BSD-3-Clause,Henri Sivonen <hsivonen@hsivonen.fi>
encoding_rs_io,https://github.com/BurntSushi/encoding_rs_io,MIT OR Apache-2.0,Andrew Gallant <jamslam@gmail.com>
enum-iterator,https://github.com/stephaneyfx/enum-iterator,0BSD,Stephane Raux <stephaneyfx@gmail.com>
enum-iterator-derive,https://github.com/stephaneyfx/enum-iterator,0BSD,Stephane Raux <stephaneyfx@gmail.com>
env_filter,https://github.com/rust-cli/env_logger,MIT OR Apache-2.0,The env_filter Authors
env_logger,https://github.com/rust-cli/env_logger,MIT OR Apache-2.0,The env_logger Authors
equivalent,https://github.com/indexmap-rs/equivalent,Apache-2.0 OR MIT,The equivalent Authors
erased-serde,https://github.com/dtolnay/erased-serde,MIT OR Apache-2.0,David Tolnay <dtolnay@gmail.com>
errno,https://github.com/lambda-fairy/rust-errno,MIT OR Apache-2.0,"Chris Wong <lambda.fairy@gmail.com>, Dan Gohman <dev@sunfishcode.online>"
fail,https://github.com/tikv/fail-rs,Apache-2.0,The TiKV Project Developers
fastdivide,https://github.com/fulmicoton/fastdivide,zlib-acknowledgement OR MIT,Paul Masurel <paul.masurel@gmail.com>
fastrand,https://github.com/smol-rs/fastrand,Apache-2.0 OR MIT,Stjepan Glavina <stjepang@gmail.com>
ff,https://github.com/zkcrypto/ff,MIT OR Apache-2.0,"Sean Bowe <ewillbefull@gmail.com>, Jack Grigg <thestr4d@gmail.com>"
filetime,https://github.com/alexcrichton/filetime,MIT OR Apache-2.0,Alex Crichton <alex@alexcrichton.com>
find-msvc-tools,https://github.com/rust-lang/cc-rs,MIT OR Apache-2.0,The find-msvc-tools Authors
fixedbitset,https://github.com/petgraph/fixedbitset,MIT OR Apache-2.0,bluss
flate2,https://github.com/rust-lang/flate2-rs,MIT OR Apache-2.0,"Alex Crichton <alex@alexcrichton.com>, Josh Triplett <josh@joshtriplett.org>"
float-cmp,https://github.com/mikedilger/float-cmp,MIT,Mike Dilger <mike@mikedilger.com>
flume,https://github.com/zesterer/flume,Apache-2.0 OR MIT,Joshua Barretto <joshua.s.barretto@gmail.com>
fnv,https://github.com/servo/rust-fnv,Apache-2.0  OR  MIT,Alex Crichton <alex@alexcrichton.com>
foldhash,https://github.com/orlp/foldhash,Zlib,Orson Peters <orsonpeters@gmail.com>
form_urlencoded,https://github.com/servo/rust-url,MIT OR Apache-2.0,The rust-url developers
fragile,https://github.com/mitsuhiko/fragile,Apache-2.0,Armin Ronacher <armin.ronacher@active-4.com>
fs4,https://github.com/al8n/fs4-rs,MIT OR Apache-2.0,"Dan Burkert <dan@danburkert.com>, Al Liu <scygliu1@gmail.com>"
fslock,https://github.com/brunoczim/fslock,MIT,The fslock Authors
futures,https://github.com/rust-lang/futures-rs,MIT OR Apache-2.0,The futures Authors
futures-channel,https://github.com/rust-lang/futures-rs,MIT OR Apache-2.0,The futures-channel Authors
futures-core,https://github.com/rust-lang/futures-rs,MIT OR Apache-2.0,The futures-core Authors
futures-executor,https://github.com/rust-lang/futures-rs,MIT OR Apache-2.0,The futures-executor Authors
futures-io,https://github.com/rust-lang/futures-rs,MIT OR Apache-2.0,The futures-io Authors
futures-macro,https://github.com/rust-lang/futures-rs,MIT OR Apache-2.0,The futures-macro Authors
futures-sink,https://github.com/rust-lang/futures-rs,MIT OR Apache-2.0,The futures-sink Authors
futures-task,https://github.com/rust-lang/futures-rs,MIT OR Apache-2.0,The futures-task Authors
futures-timer,https://github.com/async-rs/futures-timer,MIT OR Apache-2.0,Alex Crichton <alex@alexcrichton.com>
futures-util,https://github.com/rust-lang/futures-rs,MIT OR Apache-2.0,The futures-util Authors
generic-array,https://github.com/fizyk20/generic-array,MIT,"Bartłomiej Kamiński <fizyk20@gmail.com>, Aaron Trent <novacrazy@gmail.com>"
getrandom,https://github.com/rust-random/getrandom,MIT OR Apache-2.0,The Rand Project Developers
glob,https://github.com/rust-lang/glob,MIT OR Apache-2.0,The Rust Project Developers
group,https://github.com/zkcrypto/group,MIT OR Apache-2.0,"Sean Bowe <ewillbefull@gmail.com>, Jack Grigg <jack@z.cash>"
h2,https://github.com/hyperium/h2,MIT,"Carl Lerche <me@carllerche.com>, Sean McArthur <sean@seanmonstar.com>"
half,https://github.com/VoidStarKat/half-rs,MIT OR Apache-2.0,Kathryn Long <squeeself@gmail.com>
hashbrown,https://github.com/rust-lang/hashbrown,MIT OR Apache-2.0,Amanieu d'Antras <amanieu@gmail.com>
headers,https://github.com/hyperium/headers,MIT,Sean McArthur <sean@seanmonstar.com>
headers-core,https://github.com/hyperium/headers,MIT,Sean McArthur <sean@seanmonstar.com>
heck,https://github.com/withoutboats/heck,MIT OR Apache-2.0,The heck Authors
heck,https://github.com/withoutboats/heck,MIT OR Apache-2.0,Without Boats <woboats@gmail.com>
hermit-abi,https://github.com/hermit-os/hermit-rs,MIT OR Apache-2.0,Stefan Lankes
hex,https://github.com/KokaKiwi/rust-hex,MIT OR Apache-2.0,KokaKiwi <kokakiwi@kokakiwi.net>
hmac,https://github.com/RustCrypto/MACs,MIT OR Apache-2.0,RustCrypto Developers
home,https://github.com/rust-lang/cargo,MIT OR Apache-2.0,Brian Anderson <andersrb@gmail.com>
hostname,https://github.com/djc/hostname,MIT,The hostname Authors
htmlescape,https://github.com/veddan/rust-htmlescape,Apache-2.0  OR  MIT  OR  MPL-2.0,Viktor Dahl <pazaconyoman@gmail.com>
http,https://github.com/hyperium/http,MIT OR Apache-2.0,"Alex Crichton <alex@alexcrichton.com>, Carl Lerche <me@carllerche.com>, Sean McArthur <sean@seanmonstar.com>"
http-body,https://github.com/hyperium/http-body,MIT,"Carl Lerche <me@carllerche.com>, Lucio Franco <luciofranco14@gmail.com>, Sean McArthur <sean@seanmonstar.com>"
http-body-util,https://github.com/hyperium/http-body,MIT,"Carl Lerche <me@carllerche.com>, Lucio Franco <luciofranco14@gmail.com>, Sean McArthur <sean@seanmonstar.com>"
http-serde,https://gitlab.com/kornelski/http-serde,Apache-2.0 OR MIT,Kornel <kornel@geekhood.net>
httparse,https://github.com/seanmonstar/httparse,MIT OR Apache-2.0,Sean McArthur <sean@seanmonstar.com>
httpdate,https://github.com/pyfisch/httpdate,MIT OR Apache-2.0,Pyfisch <pyfisch@posteo.org>
humantime,https://github.com/chronotope/humantime,MIT OR Apache-2.0,The humantime Authors
hyper,https://github.com/hyperium/hyper,MIT,Sean McArthur <sean@seanmonstar.com>
hyper-rustls,https://github.com/rustls/hyper-rustls,Apache-2.0 OR ISC OR MIT,The hyper-rustls Authors
hyper-timeout,https://github.com/hjr3/hyper-timeout,MIT OR Apache-2.0,Herman J. Radtke III <herman@hermanradtke.com>
hyper-util,https://github.com/hyperium/hyper-util,MIT,Sean McArthur <sean@seanmonstar.com>
hyperloglogplus,https://github.com/tabac/hyperloglog.rs,MIT,Tasos Bakogiannis <t.bakogiannis@gmail.com>
iana-time-zone,https://github.com/strawlab/iana-time-zone,MIT OR Apache-2.0,"Andrew Straw <strawman@astraw.com>, René Kijewski <rene.kijewski@fu-berlin.de>, Ryan Lopopolo <rjl@hyperbo.la>"
iana-time-zone-haiku,https://github.com/strawlab/iana-time-zone,MIT OR Apache-2.0,René Kijewski <crates.io@k6i.de>
icu_collections,https://github.com/unicode-org/icu4x,Unicode-3.0,The ICU4X Project Developers
icu_locale_core,https://github.com/unicode-org/icu4x,Unicode-3.0,The ICU4X Project Developers
icu_normalizer,https://github.com/unicode-org/icu4x,Unicode-3.0,The ICU4X Project Developers
icu_normalizer_data,https://github.com/unicode-org/icu4x,Unicode-3.0,The ICU4X Project Developers
icu_properties,https://github.com/unicode-org/icu4x,Unicode-3.0,The ICU4X Project Developers
icu_properties_data,https://github.com/unicode-org/icu4x,Unicode-3.0,The ICU4X Project Developers
icu_provider,https://github.com/unicode-org/icu4x,Unicode-3.0,The ICU4X Project Developers
ident_case,https://github.com/TedDriggs/ident_case,MIT OR Apache-2.0,Ted Driggs <ted.driggs@outlook.com>
idna,https://github.com/servo/rust-url,MIT OR Apache-2.0,The rust-url developers
idna_adapter,https://github.com/hsivonen/idna_adapter,Apache-2.0 OR MIT,The rust-url developers
indexmap,https://github.com/bluss/indexmap,Apache-2.0 OR MIT,The indexmap Authors
indexmap,https://github.com/indexmap-rs/indexmap,Apache-2.0 OR MIT,The indexmap Authors
indicatif,https://github.com/console-rs/indicatif,MIT,The indicatif Authors
inout,https://github.com/RustCrypto/utils,MIT OR Apache-2.0,RustCrypto Developers
inventory,https://github.com/dtolnay/inventory,MIT OR Apache-2.0,David Tolnay <dtolnay@gmail.com>
ipnet,https://github.com/krisprice/ipnet,MIT OR Apache-2.0,Kris Price <kris@krisprice.nz>
ipnetwork,https://github.com/achanda/ipnetwork,MIT OR Apache-2.0,"Abhishek Chanda <abhishek.becs@gmail.com>, Linus Färnstrand <faern@faern.net>"
iri-string,https://github.com/lo48576/iri-string,MIT OR Apache-2.0,YOSHIOKA Takuma <nop_thread@nops.red>
is-terminal,https://github.com/sunfishcode/is-terminal,MIT,"softprops <d.tangren@gmail.com>, Dan Gohman <dev@sunfishcode.online>"
is_terminal_polyfill,https://github.com/polyfill-rs/is_terminal_polyfill,MIT OR Apache-2.0,The is_terminal_polyfill Authors
itertools,https://github.com/rust-itertools/itertools,MIT OR Apache-2.0,bluss
itoa,https://github.com/dtolnay/itoa,MIT OR Apache-2.0,David Tolnay <dtolnay@gmail.com>
jiff,https://github.com/BurntSushi/jiff,Unlicense OR MIT,Andrew Gallant <jamslam@gmail.com>
jiff-static,https://github.com/BurntSushi/jiff,Unlicense OR MIT,Andrew Gallant <jamslam@gmail.com>
jobserver,https://github.com/rust-lang/jobserver-rs,MIT OR Apache-2.0,Alex Crichton <alex@alexcrichton.com>
js-sys,https://github.com/wasm-bindgen/wasm-bindgen/tree/master/crates/js-sys,MIT OR Apache-2.0,The wasm-bindgen Developers
json_comments,https://github.com/tmccombs/json-comments-rs,Apache-2.0,Thayne McCombs <astrothayne@gmail.com>
lazy_static,https://github.com/rust-lang-nursery/lazy-static.rs,MIT OR Apache-2.0,Marvin Löbel <loebel.marvin@gmail.com>
levenshtein_automata,https://github.com/tantivy-search/levenshtein-automata,MIT,Paul Masurel <paul.masurel@gmail.com>
libc,https://github.com/rust-lang/libc,MIT OR Apache-2.0,The Rust Project Developers
libm,https://github.com/rust-lang/compiler-builtins,MIT,Jorge Aparicio <jorge@japaric.io>
libredox,https://gitlab.redox-os.org/redox-os/libredox,MIT,4lDO2 <4lDO2@protonmail.com>
lindera-cc-cedict,https://github.com/lindera-morphology/lindera,MIT,The lindera-cc-cedict Authors
lindera-cc-cedict-builder,https://github.com/lindera-morphology/lindera,MIT,The lindera-cc-cedict-builder Authors
lindera-compress,https://github.com/lindera-morphology/lindera,MIT,The lindera-compress Authors
lindera-core,https://github.com/lindera-morphology/lindera,MIT,The lindera-core Authors
lindera-decompress,https://github.com/lindera-morphology/lindera,MIT,The lindera-decompress Authors
lindera-dictionary,https://github.com/lindera-morphology/lindera,MIT,The lindera-dictionary Authors
lindera-ipadic,https://github.com/lindera-morphology/lindera,MIT,The lindera-ipadic Authors
lindera-ipadic-builder,https://github.com/lindera-morphology/lindera,MIT,The lindera-ipadic-builder Authors
lindera-ipadic-neologd-builder,https://github.com/lindera-morphology/lindera,MIT,The lindera-ipadic-neologd-builder Authors
lindera-ko-dic,https://github.com/lindera-morphology/lindera,MIT,The lindera-ko-dic Authors
lindera-ko-dic-builder,https://github.com/lindera-morphology/lindera,MIT,The lindera-ko-dic-builder Authors
lindera-tokenizer,https://github.com/lindera-morphology/lindera,MIT,The lindera-tokenizer Authors
lindera-unidic-builder,https://github.com/lindera-morphology/lindera,MIT,The lindera-unidic-builder Authors
linked-hash-map,https://github.com/contain-rs/linked-hash-map,MIT OR Apache-2.0,"Stepan Koltsov <stepan.koltsov@gmail.com>, Andrew Paseltiner <apaseltiner@gmail.com>"
linux-raw-sys,https://github.com/sunfishcode/linux-raw-sys,Apache-2.0 WITH LLVM-exception OR Apache-2.0 OR MIT,Dan Gohman <dev@sunfishcode.online>
litemap,https://github.com/unicode-org/icu4x,Unicode-3.0,The ICU4X Project Developers
lock_api,https://github.com/Amanieu/parking_lot,MIT OR Apache-2.0,Amanieu d'Antras <amanieu@gmail.com>
log,https://github.com/rust-lang/log,MIT OR Apache-2.0,The Rust Project Developers
lru,https://github.com/jeromefroe/lru-rs,MIT,Jerome Froelich <jeromefroelic@hotmail.com>
lru-slab,https://github.com/Ralith/lru-slab,MIT OR Apache-2.0 OR Zlib,Benjamin Saunders <ben.e.saunders@gmail.com>
lz4_flex,https://github.com/pseitz/lz4_flex,MIT,"Pascal Seitz <pascal.seitz@gmail.com>, Arthur Silva <arthurprs@gmail.com>, ticki <Ticki@users.noreply.github.com>"
matchers,https://github.com/hawkw/matchers,MIT,Eliza Weisman <eliza@buoyant.io>
matchit,https://github.com/ibraheemdev/matchit,MIT AND BSD-3-Clause,Ibraheem Ahmed <ibraheem@ibraheem.ca>
md-5,https://github.com/RustCrypto/hashes,MIT OR Apache-2.0,RustCrypto Developers
md5,https://github.com/stainless-steel/md5,Apache-2.0 OR MIT,"Ivan Ukhov <ivan.ukhov@gmail.com>, Kamal Ahmad <shibe@openmailbox.org>, Konstantin Stepanov <milezv@gmail.com>, Lukas Kalbertodt <lukas.kalbertodt@gmail.com>, Nathan Musoke <nathan.musoke@gmail.com>, Scott Mabin <scott@mabez.dev>, Tony Arcieri <bascule@gmail.com>, Wim de With <register@dewith.io>, Yosef Dinerstein <yosefdi@gmail.com>"
measure_time,https://github.com/PSeitz/rust_measure_time,MIT,Pascal Seitz <pascal.seitz@gmail.com>
memchr,https://github.com/BurntSushi/memchr,Unlicense OR MIT,"Andrew Gallant <jamslam@gmail.com>, bluss"
memmap2,https://github.com/RazrFalcon/memmap2-rs,MIT OR Apache-2.0,"Dan Burkert <dan@danburkert.com>, Yevhenii Reizner <razrfalcon@gmail.com>"
mime,https://github.com/hyperium/mime,MIT OR Apache-2.0,Sean McArthur <sean@seanmonstar.com>
mime_guess,https://github.com/abonander/mime_guess,MIT,Austin Bonander <austin.bonander@gmail.com>
mini-internal,https://github.com/dtolnay/miniserde,MIT OR Apache-2.0,David Tolnay <dtolnay@gmail.com>
minimal-lexical,https://github.com/Alexhuszagh/minimal-lexical,MIT OR Apache-2.0,Alex Huszagh <ahuszagh@gmail.com>
miniserde,https://github.com/dtolnay/miniserde,MIT OR Apache-2.0,David Tolnay <dtolnay@gmail.com>
miniz_oxide,https://github.com/Frommi/miniz_oxide/tree/master/miniz_oxide,MIT OR Zlib OR Apache-2.0,"Frommi <daniil.liferenko@gmail.com>, oyvindln <oyvindln@users.noreply.github.com>, Rich Geldreich richgel99@gmail.com"
mio,https://github.com/tokio-rs/mio,MIT,"Carl Lerche <me@carllerche.com>, Thomas de Zeeuw <thomasdezeeuw@gmail.com>, Tokio Contributors <team@tokio.rs>"
mockall,https://github.com/asomers/mockall,MIT OR Apache-2.0,Alan Somers <asomers@gmail.com>
mockall_derive,https://github.com/asomers/mockall,MIT OR Apache-2.0,Alan Somers <asomers@gmail.com>
mrecordlog,https://github.com/quickwit-oss/mrecordlog,MIT,The mrecordlog Authors
multimap,https://github.com/havarnov/multimap,MIT OR Apache-2.0,Håvar Nøvik <havar.novik@gmail.com>
murmurhash32,https://github.com/quickwit-inc/murmurhash32,MIT,Paul Masurel <paul.masurel@gmail.com>
new_string_template,https://github.com/hasezoey/new_string_template,MIT,hasezoey <hasezoey@gmail.com>
no-std-net,https://github.com/dunmatt/no-std-net,MIT,M@ Dunlap <mattdunlap@gmail.com>
nom,https://github.com/Geal/nom,MIT,contact@geoffroycouprie.com
normalize-line-endings,https://github.com/derekdreery/normalize-line-endings,Apache-2.0,Richard Dodd <richdodj@gmail.com>
nu-ansi-term,https://github.com/nushell/nu-ansi-term,MIT,"ogham@bsago.me, Ryan Scheel (Havvy) <ryan.havvy@gmail.com>, Josh Triplett <josh@joshtriplett.org>, The Nushell Project Developers"
num-bigint,https://github.com/rust-num/num-bigint,MIT OR Apache-2.0,The Rust Project Developers
num-conv,https://github.com/jhpratt/num-conv,MIT OR Apache-2.0,Jacob Pratt <jacob@jhpratt.dev>
num-integer,https://github.com/rust-num/num-integer,MIT OR Apache-2.0,The Rust Project Developers
num-rational,https://github.com/rust-num/num-rational,MIT OR Apache-2.0,The Rust Project Developers
num-traits,https://github.com/rust-num/num-traits,MIT OR Apache-2.0,The Rust Project Developers
num_cpus,https://github.com/seanmonstar/num_cpus,MIT OR Apache-2.0,Sean McArthur <sean@seanmonstar.com>
numfmt,https://github.com/kurtlawrence/numfmt,MIT,Kurt Lawrence <kurtlawrence.info>
objc2-core-foundation,https://github.com/madsmtm/objc2,Zlib OR Apache-2.0 OR MIT,The objc2-core-foundation Authors
objc2-io-kit,https://github.com/madsmtm/objc2,Zlib OR Apache-2.0 OR MIT,The objc2-io-kit Authors
once_cell,https://github.com/matklad/once_cell,MIT OR Apache-2.0,Aleksey Kladov <aleksey.kladov@gmail.com>
once_cell_polyfill,https://github.com/polyfill-rs/once_cell_polyfill,MIT OR Apache-2.0,The once_cell_polyfill Authors
oneshot,https://github.com/faern/oneshot,MIT OR Apache-2.0,Linus Färnstrand <faern@faern.net>
oorandom,https://hg.sr.ht/~icefox/oorandom,MIT,Simon Heath <icefox@dreamquest.io>
openssl-probe,https://github.com/alexcrichton/openssl-probe,MIT OR Apache-2.0,Alex Crichton <alex@alexcrichton.com>
opentelemetry,https://github.com/open-telemetry/opentelemetry-rust,Apache-2.0,The opentelemetry Authors
opentelemetry-otlp,https://github.com/open-telemetry/opentelemetry-rust/tree/main/opentelemetry-otlp,Apache-2.0,The opentelemetry-otlp Authors
opentelemetry-proto,https://github.com/open-telemetry/opentelemetry-rust/tree/main/opentelemetry-proto,Apache-2.0,The opentelemetry-proto Authors
opentelemetry_sdk,https://github.com/open-telemetry/opentelemetry-rust,Apache-2.0,The opentelemetry_sdk Authors
ordered-float,https://github.com/reem/rust-ordered-float,MIT,"Jonathan Reem <jonathan.reem@gmail.com>, Matt Brubeck <mbrubeck@limpet.net>"
ouroboros,https://github.com/someguynamedjosh/ouroboros,MIT OR Apache-2.0,Josh <someguynamedjosh@github.com>
ouroboros_macro,https://github.com/someguynamedjosh/ouroboros,MIT OR Apache-2.0,Josh <someguynamedjosh@github.com>
outref,https://github.com/Nugine/outref,MIT,The outref Authors
ownedbytes,https://github.com/quickwit-oss/tantivy,MIT,"Paul Masurel <paul@quickwit.io>, Pascal Seitz <pascal@quickwit.io>"
p256,https://github.com/RustCrypto/elliptic-curves/tree/master/p256,Apache-2.0 OR MIT,RustCrypto Developers
page_size,https://github.com/Elzair/page_size_rs,MIT OR Apache-2.0,Philip Woods <elzairthesorcerer@gmail.com>
papergrid,https://github.com/zhiburt/tabled,MIT,Maxim Zhiburt <zhiburt@gmail.com>
parking_lot,https://github.com/Amanieu/parking_lot,MIT OR Apache-2.0,Amanieu d'Antras <amanieu@gmail.com>
parking_lot_core,https://github.com/Amanieu/parking_lot,MIT OR Apache-2.0,Amanieu d'Antras <amanieu@gmail.com>
password-hash,https://github.com/RustCrypto/traits/tree/master/password-hash,MIT OR Apache-2.0,RustCrypto Developers
pbkdf2,https://github.com/RustCrypto/password-hashes/tree/master/pbkdf2,MIT OR Apache-2.0,RustCrypto Developers
peakmem-alloc,https://github.com/PSeitz/peakmem-alloc,MIT,Pascal Seitz <pascal.seitz@gmail.com>
percent-encoding,https://github.com/servo/rust-url,MIT OR Apache-2.0,The rust-url developers
perf-event,https://github.com/jimblandy/perf-event,MIT OR Apache-2.0,Jim Blandy <jimb@red-bean.com>
perf-event-open-sys,https://github.com/jimblandy/perf-event-open-sys,MIT OR Apache-2.0,Jim Blandy <jimb@red-bean.com>
petgraph,https://github.com/petgraph/petgraph,MIT OR Apache-2.0,"bluss, mitchmindtree"
pin-project,https://github.com/taiki-e/pin-project,Apache-2.0 OR MIT,The pin-project Authors
pin-project-internal,https://github.com/taiki-e/pin-project,Apache-2.0 OR MIT,The pin-project-internal Authors
pin-project-lite,https://github.com/taiki-e/pin-project-lite,Apache-2.0 OR MIT,The pin-project-lite Authors
pin-utils,https://github.com/rust-lang-nursery/pin-utils,MIT OR Apache-2.0,Josef Brandl <mail@josefbrandl.de>
pkcs8,https://github.com/RustCrypto/formats/tree/master/pkcs8,Apache-2.0 OR MIT,RustCrypto Developers
plotters,https://github.com/plotters-rs/plotters,MIT,Hao Hou <haohou302@gmail.com>
plotters-backend,https://github.com/plotters-rs/plotters,MIT,Hao Hou <haohou302@gmail.com>
plotters-svg,https://github.com/plotters-rs/plotters,MIT,Hao Hou <haohou302@gmail.com>
pnet,https://github.com/libpnet/libpnet,MIT OR Apache-2.0,Robert Clipsham <robert@octarineparrot.com>
pnet_base,https://github.com/libpnet/libpnet,MIT OR Apache-2.0,"Robert Clipsham <robert@octarineparrot.com>, Linus Färnstrand <faern@faern.net>"
pnet_datalink,https://github.com/libpnet/libpnet,MIT OR Apache-2.0,"Robert Clipsham <robert@octarineparrot.com>, Linus Färnstrand <faern@faern.net>"
pnet_macros,https://github.com/libpnet/libpnet,MIT OR Apache-2.0,"Robert Clipsham <robert@octarineparrot.com>, Pierre Chifflier <chifflier@wzdftpd.net>"
pnet_macros_support,https://github.com/libpnet/libpnet,MIT OR Apache-2.0,Robert Clipsham <robert@octarineparrot.com>
pnet_packet,https://github.com/libpnet/libpnet,MIT OR Apache-2.0,Robert Clipsham <robert@octarineparrot.com>
pnet_sys,https://github.com/libpnet/libpnet,MIT OR Apache-2.0,"Robert Clipsham <robert@octarineparrot.com>, Linus Färnstrand <faern@faern.net>"
pnet_transport,https://github.com/libpnet/libpnet,MIT OR Apache-2.0,Robert Clipsham <robert@octarineparrot.com>
portable-atomic,https://github.com/taiki-e/portable-atomic,Apache-2.0 OR MIT,The portable-atomic Authors
portable-atomic-util,https://github.com/taiki-e/portable-atomic,Apache-2.0 OR MIT,The portable-atomic-util Authors
postcard,https://github.com/jamesmunns/postcard,MIT OR Apache-2.0,James Munns <james@onevariable.com>
potential_utf,https://github.com/unicode-org/icu4x,Unicode-3.0,The ICU4X Project Developers
powerfmt,https://github.com/jhpratt/powerfmt,MIT OR Apache-2.0,Jacob Pratt <jacob@jhpratt.dev>
ppv-lite86,https://github.com/cryptocorrosion/cryptocorrosion,MIT OR Apache-2.0,The CryptoCorrosion Contributors
predicates,https://github.com/assert-rs/predicates-rs,MIT OR Apache-2.0,Nick Stevens <nick@bitcurry.com>
predicates-core,https://github.com/assert-rs/predicates-rs/tree/master/crates/core,MIT OR Apache-2.0,Nick Stevens <nick@bitcurry.com>
predicates-tree,https://github.com/assert-rs/predicates-rs/tree/master/crates/tree,MIT OR Apache-2.0,Nick Stevens <nick@bitcurry.com>
pretty_assertions,https://github.com/rust-pretty-assertions/rust-pretty-assertions,MIT OR Apache-2.0,"Colin Kiegel <kiegel@gmx.de>, Florent Fayolle <florent.fayolle69@gmail.com>, Tom Milligan <code@tommilligan.net>"
prettyplease,https://github.com/dtolnay/prettyplease,MIT OR Apache-2.0,David Tolnay <dtolnay@gmail.com>
proc-macro-error,https://gitlab.com/CreepySkeleton/proc-macro-error,MIT OR Apache-2.0,CreepySkeleton <creepy-skeleton@yandex.ru>
proc-macro-error-attr,https://gitlab.com/CreepySkeleton/proc-macro-error,MIT OR Apache-2.0,CreepySkeleton <creepy-skeleton@yandex.ru>
proc-macro2,https://github.com/dtolnay/proc-macro2,MIT OR Apache-2.0,"David Tolnay <dtolnay@gmail.com>, Alex Crichton <alex@alexcrichton.com>"
proc-macro2-diagnostics,https://github.com/SergioBenitez/proc-macro2-diagnostics,MIT OR Apache-2.0,Sergio Benitez <sb@sergio.bz>
procfs,https://github.com/eminence/procfs,MIT OR Apache-2.0,Andrew Chin <achin@eminence32.net>
procfs-core,https://github.com/eminence/procfs,MIT OR Apache-2.0,Andrew Chin <achin@eminence32.net>
prometheus,https://github.com/tikv/rust-prometheus,Apache-2.0,"overvenus@gmail.com, siddontang@gmail.com, vistaswx@gmail.com"
prost,https://github.com/tokio-rs/prost,Apache-2.0,"Dan Burkert <dan@danburkert.com>, Lucio Franco <luciofranco14@gmail.com>, Casper Meijn <casper@meijn.net>, Tokio Contributors <team@tokio.rs>"
prost-build,https://github.com/tokio-rs/prost,Apache-2.0,"Dan Burkert <dan@danburkert.com>, Lucio Franco <luciofranco14@gmail.com>, Casper Meijn <casper@meijn.net>, Tokio Contributors <team@tokio.rs>"
prost-derive,https://github.com/tokio-rs/prost,Apache-2.0,"Dan Burkert <dan@danburkert.com>, Lucio Franco <luciofranco14@gmail.com>, Casper Meijn <casper@meijn.net>, Tokio Contributors <team@tokio.rs>"
prost-types,https://github.com/tokio-rs/prost,Apache-2.0,"Dan Burkert <dan@danburkert.com>, Lucio Franco <luciofranco14@gmail.com>, Casper Meijn <casper@meijn.net>, Tokio Contributors <team@tokio.rs>"
protobuf,https://github.com/stepancheg/rust-protobuf,MIT,Stepan Koltsov <stepan.koltsov@gmail.com>
protobuf-support,https://github.com/stepancheg/rust-protobuf,MIT,Stepan Koltsov <stepan.koltsov@gmail.com>
pulldown-cmark,https://github.com/raphlinus/pulldown-cmark,MIT,"Raph Levien <raph.levien@gmail.com>, Marcus Klaas de Vries <mail@marcusklaas.nl>"
pulldown-cmark-to-cmark,https://github.com/Byron/pulldown-cmark-to-cmark,Apache-2.0,"Sebastian Thiel <byronimo@gmail.com>, Dylan Owen <dyltotheo@gmail.com>, Alessandro Ogier <alessandro.ogier@gmail.com>, Zixian Cai <2891235+caizixian@users.noreply.github.com>, Andrew Lyjak <andrew.lyjak@gmail.com>"
quanta,https://github.com/metrics-rs/quanta,MIT,Toby Lawrence <toby@nuclearfurnace.com>
quick-error,http://github.com/tailhook/quick-error,MIT OR Apache-2.0,"Paul Colomiets <paul@colomiets.name>, Colin Kiegel <kiegel@gmx.de>"
quinn,https://github.com/quinn-rs/quinn,MIT OR Apache-2.0,The quinn Authors
quinn-proto,https://github.com/quinn-rs/quinn,MIT OR Apache-2.0,The quinn-proto Authors
quinn-udp,https://github.com/quinn-rs/quinn,MIT OR Apache-2.0,The quinn-udp Authors
quote,https://github.com/dtolnay/quote,MIT OR Apache-2.0,David Tolnay <dtolnay@gmail.com>
r-efi,https://github.com/r-efi/r-efi,MIT OR Apache-2.0 OR LGPL-2.1-or-later,The r-efi Authors
rand,https://github.com/rust-random/rand,MIT OR Apache-2.0,"The Rand Project Developers, The Rust Project Developers"
rand_chacha,https://github.com/rust-random/rand,MIT OR Apache-2.0,"The Rand Project Developers, The Rust Project Developers, The CryptoCorrosion Contributors"
rand_core,https://github.com/rust-random/rand,MIT OR Apache-2.0,"The Rand Project Developers, The Rust Project Developers"
rand_distr,https://github.com/rust-random/rand,MIT OR Apache-2.0,The Rand Project Developers
rand_xorshift,https://github.com/rust-random/rngs,MIT OR Apache-2.0,"The Rand Project Developers, The Rust Project Developers"
raw-cpuid,https://github.com/gz/rust-cpuid,MIT,Gerd Zellweger <mail@gerdzellweger.com>
rayon,https://github.com/rayon-rs/rayon,MIT OR Apache-2.0,The rayon Authors
rayon-core,https://github.com/rayon-rs/rayon,MIT OR Apache-2.0,The rayon-core Authors
redox_syscall,https://gitlab.redox-os.org/redox-os/syscall,MIT,Jeremy Soller <jackpot51@gmail.com>
ref-cast,https://github.com/dtolnay/ref-cast,MIT OR Apache-2.0,David Tolnay <dtolnay@gmail.com>
ref-cast-impl,https://github.com/dtolnay/ref-cast,MIT OR Apache-2.0,David Tolnay <dtolnay@gmail.com>
regex,https://github.com/rust-lang/regex,MIT OR Apache-2.0,"The Rust Project Developers, Andrew Gallant <jamslam@gmail.com>"
regex-automata,https://github.com/rust-lang/regex,MIT OR Apache-2.0,"The Rust Project Developers, Andrew Gallant <jamslam@gmail.com>"
regex-lite,https://github.com/rust-lang/regex,MIT OR Apache-2.0,"The Rust Project Developers, Andrew Gallant <jamslam@gmail.com>"
regex-syntax,https://github.com/rust-lang/regex,MIT OR Apache-2.0,"The Rust Project Developers, Andrew Gallant <jamslam@gmail.com>"
reqwest,https://github.com/seanmonstar/reqwest,MIT OR Apache-2.0,Sean McArthur <sean@seanmonstar.com>
reqwest-middleware,https://github.com/TrueLayer/reqwest-middleware,MIT OR Apache-2.0,Rodrigo Gryzinski <rodrigo.gryzinski@truelayer.com>
reqwest-retry,https://github.com/TrueLayer/reqwest-middleware,MIT OR Apache-2.0,Rodrigo Gryzinski <rodrigo.gryzinski@truelayer.com>
retry-policies,https://github.com/TrueLayer/retry-policies,MIT OR Apache-2.0,Luca Palmieri <lpalmieri@truelayer.com>
rfc6979,https://github.com/RustCrypto/signatures/tree/master/rfc6979,Apache-2.0 OR MIT,RustCrypto Developers
ring,https://github.com/briansmith/ring,Apache-2.0 AND ISC,The ring Authors
roxmltree,https://github.com/RazrFalcon/roxmltree,MIT OR Apache-2.0,Evgeniy Reizner <razrfalcon@gmail.com>
rust-embed,https://pyrossh.dev/repos/rust-embed,MIT,pyrossh
rust-embed-impl,https://pyrossh.dev/repos/rust-embed,MIT,pyrossh
rust-embed-utils,https://pyrossh.dev/repos/rust-embed,MIT,pyrossh
rust-stemmers,https://github.com/CurrySoftware/rust-stemmers,MIT OR BSD-3-Clause,"Jakob Demler <jdemler@curry-software.com>, CurrySoftware <info@curry-software.com>"
rustc-hash,https://github.com/rust-lang/rustc-hash,Apache-2.0 OR MIT,The Rust Project Developers
rustix,https://github.com/bytecodealliance/rustix,Apache-2.0 WITH LLVM-exception OR Apache-2.0 OR MIT,"Dan Gohman <dev@sunfishcode.online>, Jakub Konka <kubkon@jakubkonka.com>"
rustls,https://github.com/rustls/rustls,Apache-2.0 OR ISC OR MIT,The rustls Authors
rustls-native-certs,https://github.com/rustls/rustls-native-certs,Apache-2.0 OR ISC OR MIT,The rustls-native-certs Authors
rustls-pemfile,https://github.com/rustls/pemfile,Apache-2.0 OR ISC OR MIT,The rustls-pemfile Authors
rustls-pki-types,https://github.com/rustls/pki-types,MIT OR Apache-2.0,The rustls-pki-types Authors
rustls-webpki,https://github.com/rustls/webpki,ISC,The rustls-webpki Authors
rustop,https://chiselapp.com/user/fifr/repository/rustop,MIT,Frank Fischer <frank-fischer@shadow-soft.de>
rustversion,https://github.com/dtolnay/rustversion,MIT OR Apache-2.0,David Tolnay <dtolnay@gmail.com>
rusty-fork,https://github.com/altsysrq/rusty-fork,MIT OR Apache-2.0,Jason Lingle
ryu,https://github.com/dtolnay/ryu,Apache-2.0 OR BSL-1.0,David Tolnay <dtolnay@gmail.com>
same-file,https://github.com/BurntSushi/same-file,Unlicense OR MIT,Andrew Gallant <jamslam@gmail.com>
scc,https://github.com/wvwwvwwv/scalable-concurrent-containers,Apache-2.0,wvwwvwwv <wvwwvwwv@me.com>
schannel,https://github.com/steffengy/schannel-rs,MIT,"Steven Fackler <sfackler@gmail.com>, Steffen Butzer <steffen.butzer@outlook.com>"
schemars,https://github.com/GREsau/schemars,MIT,Graham Esau <gesau@hotmail.co.uk>
scoped-tls,https://github.com/alexcrichton/scoped-tls,MIT OR Apache-2.0,Alex Crichton <alex@alexcrichton.com>
scopeguard,https://github.com/bluss/scopeguard,MIT OR Apache-2.0,bluss
sct,https://github.com/rustls/sct.rs,Apache-2.0 OR ISC OR MIT,Joseph Birr-Pixton <jpixton@gmail.com>
sdd,https://github.com/wvwwvwwv/scalable-delayed-dealloc,Apache-2.0,wvwwvwwv <wvwwvwwv@me.com>
sec1,https://github.com/RustCrypto/formats/tree/master/sec1,Apache-2.0 OR MIT,RustCrypto Developers
security-framework,https://github.com/kornelski/rust-security-framework,MIT OR Apache-2.0,"Steven Fackler <sfackler@gmail.com>, Kornel <kornel@geekhood.net>"
security-framework-sys,https://github.com/kornelski/rust-security-framework,MIT OR Apache-2.0,"Steven Fackler <sfackler@gmail.com>, Kornel <kornel@geekhood.net>"
semver,https://github.com/dtolnay/semver,MIT OR Apache-2.0,David Tolnay <dtolnay@gmail.com>
separator,https://github.com/saghm/rust-separator,MIT,Saghm Rossi <saghmrossi@gmail.com>
serde,https://github.com/serde-rs/serde,MIT OR Apache-2.0,"Erick Tryzelaar <erick.tryzelaar@gmail.com>, David Tolnay <dtolnay@gmail.com>"
serde_core,https://github.com/serde-rs/serde,MIT OR Apache-2.0,"Erick Tryzelaar <erick.tryzelaar@gmail.com>, David Tolnay <dtolnay@gmail.com>"
serde_derive,https://github.com/serde-rs/serde,MIT OR Apache-2.0,"Erick Tryzelaar <erick.tryzelaar@gmail.com>, David Tolnay <dtolnay@gmail.com>"
serde_json,https://github.com/serde-rs/json,MIT OR Apache-2.0,"Erick Tryzelaar <erick.tryzelaar@gmail.com>, David Tolnay <dtolnay@gmail.com>"
serde_json_borrow,https://github.com/PSeitz/serde_json_borrow,MIT,Pascal Seitz <pascal.seitz@gmail.com>
serde_qs,https://github.com/samscott89/serde_qs,MIT OR Apache-2.0,Sam Scott <sam@osohq.com>
serde_spanned,https://github.com/toml-rs/toml,MIT OR Apache-2.0,The serde_spanned Authors
serde_urlencoded,https://github.com/nox/serde_urlencoded,MIT OR Apache-2.0,Anthony Ramine <n.oxyde@gmail.com>
serde_with,https://github.com/jonasbb/serde_with,MIT OR Apache-2.0,"Jonas Bushart, Marcin Kaźmierczak"
serde_with_macros,https://github.com/jonasbb/serde_with,MIT OR Apache-2.0,Jonas Bushart
serde_yaml,https://github.com/dtolnay/serde-yaml,MIT OR Apache-2.0,David Tolnay <dtolnay@gmail.com>
serial_test_derive,https://github.com/palfrey/serial_test,MIT,Tom Parker-Shemilt <palfrey@tevp.net>
sha1,https://github.com/RustCrypto/hashes,MIT OR Apache-2.0,RustCrypto Developers
sha2,https://github.com/RustCrypto/hashes,MIT OR Apache-2.0,RustCrypto Developers
sharded-slab,https://github.com/hawkw/sharded-slab,MIT,Eliza Weisman <eliza@buoyant.io>
shell-words,https://github.com/tmiasko/shell-words,MIT OR Apache-2.0,Tomasz Miąsko <tomasz.miasko@gmail.com>
shlex,https://github.com/comex/rust-shlex,MIT OR Apache-2.0,"comex <comexk@gmail.com>, Fenhl <fenhl@fenhl.net>, Adrian Taylor <adetaylor@chromium.org>, Alex Touchet <alextouchet@outlook.com>, Daniel Parks <dp+git@oxidized.org>, Garrett Berg <googberg@gmail.com>"
signal-hook-registry,https://github.com/vorner/signal-hook,MIT OR Apache-2.0,"Michal 'vorner' Vaner <vorner@vorner.cz>, Masaki Hara <ackie.h.gmai@gmail.com>"
signature,https://github.com/RustCrypto/traits/tree/master/signature,Apache-2.0 OR MIT,RustCrypto Developers
simd-adler32,https://github.com/mcountryman/simd-adler32,MIT,Marvin Countryman <me@maar.vin>
siphasher,https://github.com/jedisct1/rust-siphash,MIT OR Apache-2.0,Frank Denis <github@pureftpd.org>
sketches-ddsketch,https://github.com/mheffner/rust-sketches-ddsketch,Apache-2.0,Mike Heffner <mikeh@fesnel.com>
slab,https://github.com/tokio-rs/slab,MIT,Carl Lerche <me@carllerche.com>
smallvec,https://github.com/servo/rust-smallvec,MIT OR Apache-2.0,The Servo Project Developers
socket2,https://github.com/rust-lang/socket2,MIT OR Apache-2.0,"Alex Crichton <alex@alexcrichton.com>, Thomas de Zeeuw <thomasdezeeuw@gmail.com>"
spin,https://github.com/mvdnes/spin-rs,MIT,"Mathijs van de Nes <git@mathijs.vd-nes.nl>, John Ericson <git@JohnEricson.me>, Joshua Barretto <joshua.s.barretto@gmail.com>"
spki,https://github.com/RustCrypto/formats/tree/master/spki,Apache-2.0 OR MIT,RustCrypto Developers
stable_deref_trait,https://github.com/storyyeller/stable_deref_trait,MIT OR Apache-2.0,Robert Grosse <n210241048576@gmail.com>
static_assertions,https://github.com/nvzqz/static-assertions-rs,MIT OR Apache-2.0,Nikolai Vazquez
strsim,https://github.com/rapidfuzz/strsim-rs,MIT,"Danny Guo <danny@dannyguo.com>, maxbachmann <oss@maxbachmann.de>"
subtle,https://github.com/dalek-cryptography/subtle,BSD-3-Clause,"Isis Lovecruft <isis@patternsinthevoid.net>, Henry de Valence <hdevalence@hdevalence.ca>"
syn,https://github.com/dtolnay/syn,MIT OR Apache-2.0,David Tolnay <dtolnay@gmail.com>
sync_wrapper,https://github.com/Actyx/sync_wrapper,Apache-2.0,Actyx AG <developer@actyx.io>
synstructure,https://github.com/mystor/synstructure,MIT,Nika Layzell <nika@thelayzells.com>
sysinfo,https://github.com/GuillaumeGomez/sysinfo,MIT,Guillaume Gomez <guillaume1.gomez@gmail.com>
system-configuration,https://github.com/mullvad/system-configuration-rs,MIT OR Apache-2.0,Mullvad VPN
system-configuration-sys,https://github.com/mullvad/system-configuration-rs,MIT OR Apache-2.0,Mullvad VPN
tabled,https://github.com/zhiburt/tabled,MIT,Maxim Zhiburt <zhiburt@gmail.com>
tabled_derive,https://github.com/zhiburt/tabled,MIT,Maxim Zhiburt <zhiburt@gmail.com>
tantivy,https://github.com/quickwit-oss/tantivy,MIT,Paul Masurel <paul.masurel@gmail.com>
tantivy-bitpacker,https://github.com/quickwit-oss/tantivy,MIT,Paul Masurel <paul.masurel@gmail.com>
tantivy-columnar,https://github.com/quickwit-oss/tantivy,MIT,The tantivy-columnar Authors
tantivy-common,https://github.com/quickwit-oss/tantivy,MIT,"Paul Masurel <paul@quickwit.io>, Pascal Seitz <pascal@quickwit.io>"
tantivy-fst,https://github.com/quickwit-inc/fst,Unlicense OR MIT,Andrew Gallant <jamslam@gmail.com>
tantivy-query-grammar,https://github.com/quickwit-oss/tantivy,MIT,Paul Masurel <paul.masurel@gmail.com>
tantivy-sstable,https://github.com/quickwit-oss/tantivy,MIT,The tantivy-sstable Authors
tantivy-stacker,https://github.com/quickwit-oss/tantivy,MIT,The tantivy-stacker Authors
tantivy-tokenizer-api,https://github.com/quickwit-oss/tantivy,MIT,The tantivy-tokenizer-api Authors
tempfile,https://github.com/Stebalien/tempfile,MIT OR Apache-2.0,"Steven Allen <steven@stebalien.com>, The Rust Project Developers, Ashley Mannix <ashleymannix@live.com.au>, Jason White <me@jasonwhite.io>"
termcolor,https://github.com/BurntSushi/termcolor,Unlicense OR MIT,Andrew Gallant <jamslam@gmail.com>
termtree,https://github.com/rust-cli/termtree,MIT,The termtree Authors
thiserror,https://github.com/dtolnay/thiserror,MIT OR Apache-2.0,David Tolnay <dtolnay@gmail.com>
thiserror-impl,https://github.com/dtolnay/thiserror,MIT OR Apache-2.0,David Tolnay <dtolnay@gmail.com>
thousands,https://github.com/tov/thousands-rs,MIT OR Apache-2.0,Jesse A. Tov <jesse.tov@gmail.com>
thread_local,https://github.com/Amanieu/thread_local-rs,MIT OR Apache-2.0,Amanieu d'Antras <amanieu@gmail.com>
time,https://github.com/time-rs/time,MIT OR Apache-2.0,"Jacob Pratt <open-source@jhpratt.dev>, Time contributors"
time-core,https://github.com/time-rs/time,MIT OR Apache-2.0,"Jacob Pratt <open-source@jhpratt.dev>, Time contributors"
time-fmt,https://github.com/MiSawa/time-fmt,MIT OR Apache-2.0,mi_sawa <mi.sawa.1216+git@gmail.com>
time-macros,https://github.com/time-rs/time,MIT OR Apache-2.0,"Jacob Pratt <open-source@jhpratt.dev>, Time contributors"
tinystr,https://github.com/unicode-org/icu4x,Unicode-3.0,The ICU4X Project Developers
tinytemplate,https://github.com/bheisler/TinyTemplate,Apache-2.0 OR MIT,Brook Heisler <brookheisler@gmail.com>
tinyvec,https://github.com/Lokathor/tinyvec,Zlib OR Apache-2.0 OR MIT,Lokathor <zefria@gmail.com>
tinyvec_macros,https://github.com/Soveu/tinyvec_macros,MIT OR Apache-2.0 OR Zlib,Soveu <marx.tomasz@gmail.com>
tokio,https://github.com/tokio-rs/tokio,MIT,Tokio Contributors <team@tokio.rs>
tokio-macros,https://github.com/tokio-rs/tokio,MIT,Tokio Contributors <team@tokio.rs>
tokio-metrics,https://github.com/tokio-rs/tokio-metrics,MIT,Tokio Contributors <team@tokio.rs>
tokio-rustls,https://github.com/rustls/tokio-rustls,MIT OR Apache-2.0,The tokio-rustls Authors
tokio-stream,https://github.com/tokio-rs/tokio,MIT,Tokio Contributors <team@tokio.rs>
tokio-util,https://github.com/tokio-rs/tokio,MIT,Tokio Contributors <team@tokio.rs>
toml,https://github.com/toml-rs/toml,MIT OR Apache-2.0,The toml Authors
toml_datetime,https://github.com/toml-rs/toml,MIT OR Apache-2.0,The toml_datetime Authors
toml_parser,https://github.com/toml-rs/toml,MIT OR Apache-2.0,The toml_parser Authors
toml_writer,https://github.com/toml-rs/toml,MIT OR Apache-2.0,The toml_writer Authors
tonic,https://github.com/hyperium/tonic,MIT,Lucio Franco <luciofranco14@gmail.com>
tonic-build,https://github.com/hyperium/tonic,MIT,Lucio Franco <luciofranco14@gmail.com>
tonic-health,https://github.com/hyperium/tonic,MIT,James Nugent <james@jen20.com>
tonic-prost,https://github.com/hyperium/tonic,MIT,Lucio Franco <luciofranco14@gmail.com>
tonic-prost-build,https://github.com/hyperium/tonic,MIT,Lucio Franco <luciofranco14@gmail.com>
tonic-reflection,https://github.com/hyperium/tonic,MIT,"James Nugent <james@jen20.com>, Samani G. Gikandi <samani@gojulas.com>"
tower,https://github.com/tower-rs/tower,MIT,Tower Maintainers <team@tower-rs.com>
tower-http,https://github.com/tower-rs/tower-http,MIT,Tower Maintainers <team@tower-rs.com>
tower-layer,https://github.com/tower-rs/tower,MIT,Tower Maintainers <team@tower-rs.com>
tower-service,https://github.com/tower-rs/tower,MIT,Tower Maintainers <team@tower-rs.com>
tracing,https://github.com/tokio-rs/tracing,MIT,"Eliza Weisman <eliza@buoyant.io>, Tokio Contributors <team@tokio.rs>"
tracing-attributes,https://github.com/tokio-rs/tracing,MIT,"Tokio Contributors <team@tokio.rs>, Eliza Weisman <eliza@buoyant.io>, David Barsky <dbarsky@amazon.com>"
tracing-core,https://github.com/tokio-rs/tracing,MIT,Tokio Contributors <team@tokio.rs>
tracing-log,https://github.com/tokio-rs/tracing,MIT,Tokio Contributors <team@tokio.rs>
tracing-opentelemetry,https://github.com/tokio-rs/tracing-opentelemetry,MIT,The tracing-opentelemetry Authors
tracing-serde,https://github.com/tokio-rs/tracing,MIT,Tokio Contributors <team@tokio.rs>
tracing-subscriber,https://github.com/tokio-rs/tracing,MIT,"Eliza Weisman <eliza@buoyant.io>, David Barsky <me@davidbarsky.com>, Tokio Contributors <team@tokio.rs>"
try-lock,https://github.com/seanmonstar/try-lock,MIT,Sean McArthur <sean@seanmonstar.com>
ttl_cache,https://github.com/stusmall/ttl_cache,MIT OR Apache-2.0,Stu Small <stuart.alan.small@gmail.com>
typeid,https://github.com/dtolnay/typeid,MIT OR Apache-2.0,David Tolnay <dtolnay@gmail.com>
typenum,https://github.com/paholg/typenum,MIT OR Apache-2.0,"Paho Lurie-Gregg <paho@paholg.com>, Andre Bogus <bogusandre@gmail.com>"
typetag,https://github.com/dtolnay/typetag,MIT OR Apache-2.0,David Tolnay <dtolnay@gmail.com>
typetag-impl,https://github.com/dtolnay/typetag,MIT OR Apache-2.0,David Tolnay <dtolnay@gmail.com>
ulid,https://github.com/dylanhart/ulid-rs,MIT,dylanhart <dylan96hart@gmail.com>
unarray,https://github.com/cameron1024/unarray,MIT OR Apache-2.0,The unarray Authors
unicase,https://github.com/seanmonstar/unicase,MIT OR Apache-2.0,Sean McArthur <sean@seanmonstar.com>
unicode-ident,https://github.com/dtolnay/unicode-ident,(MIT OR Apache-2.0) AND Unicode-3.0,David Tolnay <dtolnay@gmail.com>
unicode-width,https://github.com/unicode-rs/unicode-width,MIT OR Apache-2.0,"kwantam <kwantam@gmail.com>, Manish Goregaokar <manishsmail@gmail.com>"
unit-prefix,https://codeberg.org/commons-rs/unit-prefix,MIT,"Fabio Valentini <decathorpe@gmail.com>, Benjamin Sago <ogham@bsago.me>"
unsafe-libyaml,https://github.com/dtolnay/unsafe-libyaml,MIT,David Tolnay <dtolnay@gmail.com>
untrusted,https://github.com/briansmith/untrusted,ISC,Brian Smith <brian@briansmith.org>
url,https://github.com/servo/rust-url,MIT OR Apache-2.0,The rust-url developers
urlencoding,https://github.com/kornelski/rust_urlencoding,MIT,"Kornel <kornel@geekhood.net>, Bertram Truong <b@bertramtruong.com>"
username,https://pijul.org/darcs/user,MIT OR Apache-2.0,Pierre-Étienne Meunier <pierre-etienne.meunier@aalto.fi>
utf8-ranges,https://github.com/BurntSushi/utf8-ranges,Unlicense OR MIT,Andrew Gallant <jamslam@gmail.com>
utf8_iter,https://github.com/hsivonen/utf8_iter,Apache-2.0 OR MIT,Henri Sivonen <hsivonen@hsivonen.fi>
utf8parse,https://github.com/alacritty/vte,Apache-2.0 OR MIT,"Joe Wilm <joe@jwilm.com>, Christian Duerr <contact@christianduerr.com>"
utoipa,https://github.com/juhaku/utoipa,MIT OR Apache-2.0,Juha Kukkonen <juha7kukkonen@gmail.com>
utoipa-gen,https://github.com/juhaku/utoipa,MIT OR Apache-2.0,Juha Kukkonen <juha7kukkonen@gmail.com>
uuid,https://github.com/uuid-rs/uuid,Apache-2.0 OR MIT,"Ashley Mannix<ashleymannix@live.com.au>, Dylan DPC<dylan.dpc@gmail.com>, Hunar Roop Kahlon<hunar.roop@gmail.com>"
valuable,https://github.com/tokio-rs/valuable,MIT,The valuable Authors
vsimd,https://github.com/Nugine/simd,MIT,The vsimd Authors
vte,https://github.com/alacritty/vte,Apache-2.0 OR MIT,"Joe Wilm <joe@jwilm.com>, Christian Duerr <contact@christianduerr.com>"
vte_generate_state_changes,https://github.com/alacritty/vte,Apache-2.0 OR MIT,Christian Duerr <contact@christianduerr.com>
wait-timeout,https://github.com/alexcrichton/wait-timeout,MIT OR Apache-2.0,Alex Crichton <alex@alexcrichton.com>
walkdir,https://github.com/BurntSushi/walkdir,Unlicense OR MIT,Andrew Gallant <jamslam@gmail.com>
want,https://github.com/seanmonstar/want,MIT,Sean McArthur <sean@seanmonstar.com>
warp,https://github.com/seanmonstar/warp,MIT,Sean McArthur <sean@seanmonstar.com>
wasi,https://github.com/bytecodealliance/wasi,Apache-2.0 WITH LLVM-exception OR Apache-2.0 OR MIT,The Cranelift Project Developers
wasip2,https://github.com/bytecodealliance/wasi-rs,Apache-2.0 WITH LLVM-exception OR Apache-2.0 OR MIT,The wasip2 Authors
wasix,https://github.com/wasix-org/wasix-abi-rust,Apache-2.0 WITH LLVM-exception OR Apache-2.0 OR MIT,"The Cranelift Project Developers, john-sharratt"
wasm-bindgen,https://github.com/wasm-bindgen/wasm-bindgen,MIT OR Apache-2.0,The wasm-bindgen Developers
wasm-bindgen-futures,https://github.com/wasm-bindgen/wasm-bindgen/tree/master/crates/futures,MIT OR Apache-2.0,The wasm-bindgen Developers
wasm-bindgen-macro,https://github.com/wasm-bindgen/wasm-bindgen/tree/master/crates/macro,MIT OR Apache-2.0,The wasm-bindgen Developers
wasm-bindgen-macro-support,https://github.com/wasm-bindgen/wasm-bindgen/tree/master/crates/macro-support,MIT OR Apache-2.0,The wasm-bindgen Developers
wasm-bindgen-shared,https://github.com/wasm-bindgen/wasm-bindgen/tree/master/crates/shared,MIT OR Apache-2.0,The wasm-bindgen Developers
wasmtimer,https://github.com/whizsid/wasmtimer-rs,MIT,"WhizSid <whizsid@aol.com>, Pierre Krieger <pierre.krieger1708@gmail.com>"
web-sys,https://github.com/wasm-bindgen/wasm-bindgen/tree/master/crates/web-sys,MIT OR Apache-2.0,The wasm-bindgen Developers
web-time,https://github.com/daxpedda/web-time,MIT OR Apache-2.0,The web-time Authors
webpki-roots,https://github.com/rustls/webpki-roots,CDLA-Permissive-2.0,The webpki-roots Authors
whichlang,https://github.com/quickwit-oss/whichlang,MIT,"Quickwit, Inc. <hello@quickwit.io>"
winapi,https://github.com/retep998/winapi-rs,MIT,Peter Atashian <retep998@gmail.com>
winapi,https://github.com/retep998/winapi-rs,MIT OR Apache-2.0,Peter Atashian <retep998@gmail.com>
winapi-i686-pc-windows-gnu,https://github.com/retep998/winapi-rs,MIT OR Apache-2.0,Peter Atashian <retep998@gmail.com>
winapi-util,https://github.com/BurntSushi/winapi-util,Unlicense OR MIT,Andrew Gallant <jamslam@gmail.com>
winapi-x86_64-pc-windows-gnu,https://github.com/retep998/winapi-rs,MIT OR Apache-2.0,Peter Atashian <retep998@gmail.com>
windows,https://github.com/microsoft/windows-rs,MIT OR Apache-2.0,Microsoft
windows-collections,https://github.com/microsoft/windows-rs,MIT OR Apache-2.0,The windows-collections Authors
windows-core,https://github.com/microsoft/windows-rs,MIT OR Apache-2.0,Microsoft
windows-core,https://github.com/microsoft/windows-rs,MIT OR Apache-2.0,The windows-core Authors
windows-future,https://github.com/microsoft/windows-rs,MIT OR Apache-2.0,The windows-future Authors
windows-implement,https://github.com/microsoft/windows-rs,MIT OR Apache-2.0,The windows-implement Authors
windows-interface,https://github.com/microsoft/windows-rs,MIT OR Apache-2.0,The windows-interface Authors
windows-link,https://github.com/microsoft/windows-rs,MIT OR Apache-2.0,Microsoft
windows-link,https://github.com/microsoft/windows-rs,MIT OR Apache-2.0,The windows-link Authors
windows-numerics,https://github.com/microsoft/windows-rs,MIT OR Apache-2.0,The windows-numerics Authors
windows-registry,https://github.com/microsoft/windows-rs,MIT OR Apache-2.0,The windows-registry Authors
windows-result,https://github.com/microsoft/windows-rs,MIT OR Apache-2.0,Microsoft
windows-result,https://github.com/microsoft/windows-rs,MIT OR Apache-2.0,The windows-result Authors
windows-strings,https://github.com/microsoft/windows-rs,MIT OR Apache-2.0,Microsoft
windows-strings,https://github.com/microsoft/windows-rs,MIT OR Apache-2.0,The windows-strings Authors
windows-sys,https://github.com/microsoft/windows-rs,MIT OR Apache-2.0,Microsoft
windows-sys,https://github.com/microsoft/windows-rs,MIT OR Apache-2.0,The windows-sys Authors
windows-targets,https://github.com/microsoft/windows-rs,MIT OR Apache-2.0,Microsoft
windows-targets,https://github.com/microsoft/windows-rs,MIT OR Apache-2.0,The windows-targets Authors
windows-threading,https://github.com/microsoft/windows-rs,MIT OR Apache-2.0,Microsoft
windows_aarch64_gnullvm,https://github.com/microsoft/windows-rs,MIT OR Apache-2.0,Microsoft
windows_aarch64_gnullvm,https://github.com/microsoft/windows-rs,MIT OR Apache-2.0,The windows_aarch64_gnullvm Authors
windows_aarch64_msvc,https://github.com/microsoft/windows-rs,MIT OR Apache-2.0,Microsoft
windows_aarch64_msvc,https://github.com/microsoft/windows-rs,MIT OR Apache-2.0,The windows_aarch64_msvc Authors
windows_i686_gnu,https://github.com/microsoft/windows-rs,MIT OR Apache-2.0,Microsoft
windows_i686_gnu,https://github.com/microsoft/windows-rs,MIT OR Apache-2.0,The windows_i686_gnu Authors
windows_i686_gnullvm,https://github.com/microsoft/windows-rs,MIT OR Apache-2.0,Microsoft
windows_i686_gnullvm,https://github.com/microsoft/windows-rs,MIT OR Apache-2.0,The windows_i686_gnullvm Authors
windows_i686_msvc,https://github.com/microsoft/windows-rs,MIT OR Apache-2.0,Microsoft
windows_i686_msvc,https://github.com/microsoft/windows-rs,MIT OR Apache-2.0,The windows_i686_msvc Authors
windows_x86_64_gnu,https://github.com/microsoft/windows-rs,MIT OR Apache-2.0,Microsoft
windows_x86_64_gnu,https://github.com/microsoft/windows-rs,MIT OR Apache-2.0,The windows_x86_64_gnu Authors
windows_x86_64_gnullvm,https://github.com/microsoft/windows-rs,MIT OR Apache-2.0,Microsoft
windows_x86_64_gnullvm,https://github.com/microsoft/windows-rs,MIT OR Apache-2.0,The windows_x86_64_gnullvm Authors
windows_x86_64_msvc,https://github.com/microsoft/windows-rs,MIT OR Apache-2.0,Microsoft
windows_x86_64_msvc,https://github.com/microsoft/windows-rs,MIT OR Apache-2.0,The windows_x86_64_msvc Authors
winnow,https://github.com/winnow-rs/winnow,MIT,The winnow Authors
wit-bindgen,https://github.com/bytecodealliance/wit-bindgen,Apache-2.0 WITH LLVM-exception OR Apache-2.0 OR MIT,Alex Crichton <alex@alexcrichton.com>
writeable,https://github.com/unicode-org/icu4x,Unicode-3.0,The ICU4X Project Developers
xattr,https://github.com/Stebalien/xattr,MIT OR Apache-2.0,Steven Allen <steven@stebalien.com>
xmlparser,https://github.com/RazrFalcon/xmlparser,MIT OR Apache-2.0,Yevhenii Reizner <razrfalcon@gmail.com>
yada,https://github.com/takuyaa/yada,MIT OR Apache-2.0,Takuya Asano <takuya.a@gmail.com>
yansi,https://github.com/SergioBenitez/yansi,MIT OR Apache-2.0,Sergio Benitez <sb@sergio.bz>
yoke,https://github.com/unicode-org/icu4x,Unicode-3.0,Manish Goregaokar <manishsmail@gmail.com>
yoke-derive,https://github.com/unicode-org/icu4x,Unicode-3.0,Manish Goregaokar <manishsmail@gmail.com>
zerocopy,https://github.com/google/zerocopy,BSD-2-Clause OR Apache-2.0 OR MIT,"Joshua Liebow-Feeser <joshlf@google.com>, Jack Wrenn <jswrenn@amazon.com>"
zerocopy-derive,https://github.com/google/zerocopy,BSD-2-Clause OR Apache-2.0 OR MIT,"Joshua Liebow-Feeser <joshlf@google.com>, Jack Wrenn <jswrenn@amazon.com>"
zerofrom,https://github.com/unicode-org/icu4x,Unicode-3.0,Manish Goregaokar <manishsmail@gmail.com>
zerofrom-derive,https://github.com/unicode-org/icu4x,Unicode-3.0,Manish Goregaokar <manishsmail@gmail.com>
zeroize,https://github.com/RustCrypto/utils,Apache-2.0 OR MIT,The RustCrypto Project Developers
zerotrie,https://github.com/unicode-org/icu4x,Unicode-3.0,The ICU4X Project Developers
zerovec,https://github.com/unicode-org/icu4x,Unicode-3.0,The ICU4X Project Developers
zerovec-derive,https://github.com/unicode-org/icu4x,Unicode-3.0,Manish Goregaokar <manishsmail@gmail.com>
zstd,https://github.com/gyscos/zstd-rs,MIT,Alexandre Bury <alexandre.bury@gmail.com>
zstd-safe,https://github.com/gyscos/zstd-rs,MIT OR Apache-2.0,Alexandre Bury <alexandre.bury@gmail.com>
zstd-sys,https://github.com/gyscos/zstd-rs,MIT OR Apache-2.0,Alexandre Bury <alexandre.bury@gmail.com>
